Workbook

Sheet ticket
A1: cms_id | B1: ticket_id | C1: created_at | D1: closed_at | E1: outlet_id
A2: uv | B2: tkt-001 | C2: 2021-08-10 14:27:00 | D2: 2021-08-11 18:27:00 | E2: out-B39 | G2: =IF(HOUR(C2) = HOUR(D2),1,0) -> 0 | I2: =IF(DAY(C2)=DAY(D2),1,0) -> 0
A3: cms-002 | B3: tkt-002 | C3: 2021-08-11 12:34:00 | D3: 2021-08-14 11:34:00 | E3: out-A12 | G3: =IF(HOUR(C3) = HOUR(D3),1,0) -> 0 | I3: =IF(DAY(C3)=DAY(D3),1,0) -> 0
A4: cms-003 | B4: tkt-003 | C4: 2021-08-12 17:31:00 | D4: 2021-08-14 09:31:00 | E4: out-B39 | G4: =IF(HOUR(C4) = HOUR(D4),1,0) -> 0 | I4: =IF(DAY(C4)=DAY(D4),1,0) -> 0
A5: cms-004 | B5: tkt-004 | C5: 2021-08-16 16:29:00 | D5: 2021-08-17 23:29:00 | E5: out-C77 | G5: =IF(HOUR(C5) = HOUR(D5),1,0) -> 0 | I5: =IF(DAY(C5)=DAY(D5),1,0) -> 0
A6: cms-005 | B6: tkt-005 | C6: 2021-08-07 18:10:00 | D6: 2021-08-08 20:10:00 | E6: out-C77 | G6: =IF(HOUR(C6) = HOUR(D6),1,0) -> 0 | I6: =IF(DAY(C6)=DAY(D6),1,0) -> 0
A7: cms-006 | B7: tkt-006 | C7: 2021-08-16 14:50:00 | D7: 2021-08-18 20:50:00 | E7: out-B39 | G7: =IF(HOUR(C7) = HOUR(D7),1,0) -> 0 | I7: =IF(DAY(C7)=DAY(D7),1,0) -> 0
A8: cms-007 | B8: tkt-007 | C8: 2021-08-07 11:37:00 | D8: 2021-08-09 16:37:00 | E8: out-B39 | G8: =IF(HOUR(C8) = HOUR(D8),1,0) -> 0 | I8: =IF(DAY(C8)=DAY(D8),1,0) -> 0
A9: cms-008 | B9: tkt-008 | C9: 2021-08-08 12:13:00 | D9: 2021-08-09 23:13:00 | E9: out-B39 | G9: =IF(HOUR(C9) = HOUR(D9),1,0) -> 0 | I9: =IF(DAY(C9)=DAY(D9),1,0) -> 0
A10: cms-009 | B10: tkt-009 | C10: 2021-08-03 07:39:00 | D10: 2021-08-06 01:39:00 | E10: out-A12 | G10: =IF(HOUR(C10) = HOUR(D10),1,0) -> 0 | I10: =IF(DAY(C10)=DAY(D10),1,0) -> 0
A11: cms-010 | B11: tkt-010 | C11: 2021-08-16 06:53:00 | D11: 2021-08-17 09:53:00 | E11: out-B39 | G11: =IF(HOUR(C11) = HOUR(D11),1,0) -> 0 | I11: =IF(DAY(C11)=DAY(D11),1,0) -> 0
A12: cms-011 | B12: tkt-011 | C12: 2021-08-08 16:03:00 | D12: 2021-08-09 22:03:00 | E12: out-C77 | G12: =IF(HOUR(C12) = HOUR(D12),1,0) -> 0 | I12: =IF(DAY(C12)=DAY(D12),1,0) -> 0
A13: cms-012 | B13: tkt-012 | C13: 2021-08-21 13:50:00 | D13: 2021-08-24 07:50:00 | E13: out-B39 | G13: =IF(HOUR(C13) = HOUR(D13),1,0) -> 0 | I13: =IF(DAY(C13)=DAY(D13),1,0) -> 0
... A21: cms-020 | B21: tkt-020 | C21: 2021-08-17 13:09:00 | D21: 2021-08-19 14:09:00 | E21: out-A12 | G21: =IF(HOUR(C21) = HOUR(D21),1,0) -> 0 | I21: =IF(DAY(C21)=DAY(D21),1,0) -> 0
F22: No of Tkt on same hour | G22: =SUM(G2:G21) -> 1 | H22: No of Tkt on same day | I22: =SUM(I2:I21) -> 1

Sheet feedbacks
A1: cms_id | B1: feedback_at | C1: feedback_rating | D1: ticket_created_at
A2: cms-001 | B2: 2021-08-24 13:45:00 | C2: 5 | D2: =VLOOKUP(A2,ticket!A1:E21,3,0) -> #N/A
A3: cms-002 | B3: 2021-08-18 21:47:00 | C3: 2 | D3: =VLOOKUP(A3,ticket!A2:E22,3,0) -> 2021-08-11 12:34:00
A4: cms-003 | B4: 2021-08-28 16:20:00 | C4: 3 | D4: =VLOOKUP(A4,ticket!A3:E23,3,0) -> 2021-08-12 17:31:00
A5: cms-004 | B5: 2021-08-26 13:51:00 | C5: 3 | D5: =VLOOKUP(A5,ticket!A4:E24,3,0) -> 2021-08-16 16:29:00
A6: cms-005 | B6: 2021-08-25 02:37:00 | C6: 5 | D6: =VLOOKUP(A6,ticket!A5:E25,3,0) -> 2021-08-07 18:10:00
A7: cms-006 | B7: 2021-08-09 05:25:00 | C7: 2 | D7: =VLOOKUP(A7,ticket!A6:E26,3,0) -> 2021-08-16 14:50:00
A8: cms-007 | B8: 2021-08-01 19:06:00 | C8: 2 | D8: =VLOOKUP(A8,ticket!A7:E27,3,0) -> 2021-08-07 11:37:00
A9: cms-008 | B9: 2021-08-16 10:04:00 | C9: 4 | D9: =VLOOKUP(A9,ticket!A8:E28,3,0) -> 2021-08-08 12:13:00
A10: cms-009 | B10: 2021-08-18 14:14:00 | C10: 1 | D10: =VLOOKUP(A10,ticket!A9:E29,3,0) -> 2021-08-03 07:39:00
A11: cms-010 | B11: 2021-08-03 10:08:00 | C11: 4 | D11: =VLOOKUP(A11,ticket!A10:E30,3,0) -> 2021-08-16 06:53:00
A12: cms-011 | B12: 2021-08-24 10:56:00 | C12: 4 | D12: =VLOOKUP(A12,ticket!A11:E31,3,0) -> 2021-08-08 16:03:00
A13: cms-012 | B13: 2021-08-03 13:39:00 | C13: 5 | D13: =VLOOKUP(A13,ticket!A12:E32,3,0) -> 2021-08-21 13:50:00
... A21: cms-020 | B21: 2021-08-28 01:52:00 | C21: 2 | D21: =VLOOKUP(A21,ticket!A20:E40,3,0) -> 2021-08-17 13:09:00
